{
    "accuracy": 0.9514207149404217,
    "precision": 0.8507462686567164,
    "recall": 0.7755102040816326,
    "auc": 0.9441297705522886
}
